{"cameraMode":{"drawMode":0,"name":"Shaded","section":"Shading Mode"},"sceneLighting":true,"audioPlay":false,"sceneViewState":{"showFog":true,"showMaterialUpdate":false,"showSkybox":true,"showFlares":true,"showImageEffects":true,"showParticleSystems":true},"in2DMode":false,"pivot":{"x":-0.04302406311035156,"y":-0.5180983543395996,"z":0.4473414421081543},"rotation":{"x":0.2300088256597519,"y":0.36815881729125979,"z":-0.09452015906572342,"w":0.8958911895751953},"size":9.089734077453614,"orthographic":false}