{"cameraMode":{"drawMode":0,"name":"Shaded","section":"Shading Mode"},"sceneLighting":false,"audioPlay":false,"sceneViewState":{"showFog":true,"showMaterialUpdate":false,"showSkybox":false,"showFlares":true,"showImageEffects":true,"showParticleSystems":true},"in2DMode":false,"pivot":{"x":0.01049121469259262,"y":0.014849919825792313,"z":0.0007261484861373901},"rotation":{"x":-0.23285862803459168,"y":-0.36209097504615786,"z":0.09393776208162308,"w":-0.8976874351501465},"size":2.139545202255249,"orthographic":false}